ID,Binomial,Long,Lat,Aspect,curvature,Driver,Droad,elevation,NDSI,NDVI,rainfall,slope,TWI
1,0,222595.2597,-134660.8365,10.7131,-0.333333,1903.94,0.097087,1421,0.414702,0.376971,907,16.9428,5.99245
2,0,203404.9281,-142695.436,291.038,0.222222,1172.66,0.00525,1369,0.3694,0.318105,874,3.22466,0
3,1,184338.2056,-151008.1561,196.928,-0.111111,1448.46,0.008127,1493,0.393289,0.557039,1011,5.55446,5.3162
4,1,176458.1177,-152275.1506,137.862,0.444444,1824.28,0.059554,2181,0.422417,0.544,1051,6.53492,0
5,1,181927.8258,-154901.8466,62.5256,-0.555556,43.703,0.009183,1525,0.25812,0.730676,1047,6.50252,7.83275
6,0,146606.4907,-155056.3581,218.66,0.888889,2321.79,0.087615,2356,0.263492,0.702333,1168,8.83334,4.15907
7,1,239313.407,-155272.6743,45,-0.333333,1877.17,0.035524,1284,0.197787,0.685584,1050,1.31081,6.06704
8,1,129053.9812,-155365.3812,177.138,-0.111111,11141.3,0.048563,2792,0.221132,0.783784,1419,9.2021,8.39483
9,1,179486.5437,-156107.0365,54.6734,0.111111,218.512,0.031336,1719,0.344815,0.560044,1060,27.0518,3.03917
10,0,134616.3962,-158208.3933,108.435,0.222222,9996.02,0.002361,2064,0.447342,0.445415,1280,0.732855,0
11,1,125067.5838,-160217.0431,156.371,-0.111111,6539.69,0.051793,2099,0.313295,0.525078,1328,8.04186,5.35157
12,1,120555.8472,-161453.1354,151.699,-0.111111,8338.18,0.051177,2152,0.149425,0.727008,1346,3.41786,8.10439
13,0,165673.2131,-161947.5722,60.2551,0.111111,207.299,0.104171,1839,0.377034,0.549616,1148,3.73176,8.57614
14,0,122966.227,-162009.3769,149.036,-0.333333,6140.23,0.038567,2029,0.292212,0.620956,1337,1.35114,12.547
15,0,145370.3985,-165315.9235,133.898,-0.333333,921.904,0.117517,2031,0.240422,0.678129,1158,16.5689,6.36309
16,1,247873.3456,-166242.9927,66.8014,0.444444,568.132,0.049911,1286,0.124795,0.67991,1389,1.76449,6.46297
17,0,123182.5432,-166397.5042,128.66,0,4110.01,0.001181,1875,0.390501,0.180497,1274,2.96535,5.25068
18,0,125191.193,-166459.3088,35.5377,-0.111111,2102.27,0.000394,1845,0.210875,0.618839,1222,1.99289,0
19,0,126272.7737,-166953.7457,243.435,0.111111,1161.61,0.009187,1823,0.365279,0.15492,1204,1.03636,11.7658
20,0,158102.1483,-167170.0619,200.171,-0.111111,1793.4,0.088089,2243,0.314433,0.476953,1154,22.8949,4.30484
21,0,218052.6208,-167231.8665,335.556,-0.111111,12565,0.055181,1748,0.39457,0.499557,895,8.34172,0
22,0,161161.4765,-168158.9356,324.246,-0.666667,2866.59,0.071114,2140,0.210608,0.767569,1160,13.9942,7.33643
23,0,142156.5587,-168684.2748,151.46,-0.333333,1987.86,0.089329,1900,0.0535,0.128961,1172,14.7061,5.25864
24,0,94845.12909,-168869.6887,278.973,0.111111,14916.1,0.116385,2190,0.291506,0.460415,1344,4.44906,5.94358
25,1,98120.77347,-169580.4417,213.232,-0.222222,12391.9,0.096194,2523,0.268353,0.639083,1368,7.98309,4.26029
26,0,146915.5137,-169858.5624,117.387,-0.888889,634.062,0.102906,2172,0.028851,0.211407,1149,20.7124,3.30651
27,1,192929.0465,-170785.6316,74.7449,0.333333,2631.24,0.021448,1495,0.435469,0.335011,1019,5.27007,5.77423
28,1,104517.5507,-170816.5339,174.958,-0.111111,9272.55,0.073235,3289,0.196539,0.62294,1405,15.4364,10.5845
29,0,120741.261,-172330.7469,198.435,0.222222,5686.36,0.035417,1721,0.264249,0.619971,1302,0.732855,10.939
30,1,111037.9371,-172361.6492,144.324,-0.111111,6922.19,0.030304,2655,0.368692,0.597996,1392,21.2264,4.66826
31,0,95957.61209,-173474.1322,266.76,0,10928.1,0.07753,2299,0.132701,0.566832,1283,12.119,5.9222
32,0,95803.10056,-173505.0345,288.997,0.111111,11032.2,0.077495,2276,0.193483,0.633086,1282,14.6256,0
33,0,101427.3201,-174524.8106,168.69,-0.222222,6450.89,0.04286,2557,-0.161996,0.024745,1308,10.5161,0
34,0,173862.3241,-174772.029,79.3803,-0.222222,840.634,0.000278,2260,0.300207,0.379904,1170,7.50244,6.96146
35,1,239189.7978,-174895.6382,296.792,-0.111111,11321,0.048026,1622,0.340942,0.275285,1017,24.5924,3.82776
36,0,107793.1951,-175142.8567,191.31,0.111111,5151.89,0.039725,2634,0.257654,0.336526,1351,2.36218,7.78068
37,0,110450.7933,-176039.0235,111.038,0.555556,3286.99,0.017713,2495,0.338438,0.494849,1333,6.42902,0
38,0,117403.8121,-176626.1673,20.7387,0.888889,2553.14,0.034245,2432,0.127273,0.814657,1292,24.0131,0
39,1,192372.805,-177027.8973,241.39,0.333333,341.327,0.003339,1717,0.274538,0.64435,1049,11.4605,0
40,0,123460.6639,-177151.5065,357.917,-0.222222,2045.4,0.006614,1928,0.173167,0.724547,1247,24.0008,4.54529
41,0,94041.66915,-178047.6734,212.005,0.222222,10143.3,0.043442,2151,0.33606,0.538538,1189,4.36441,4.86418
42,1,243454.3159,-178387.5987,135,-0.222222,9383.32,0.001391,1290,0.321153,0.24113,1003,3.27404,10.4649
43,0,209554.4868,-178573.0126,237.529,0.111111,9291.27,0.015365,1469,0.347253,0.558616,897,3.01901,9.50942
44,1,251983.3522,-178820.231,243.435,-0.111111,2902.19,0.06377,1287,0.079688,0.731183,1065,1.03636,0
45,0,106773.419,-179963.6163,0,-0.111111,995.131,0.00473,2381,0.323874,0.581123,1293,2.31635,0
46,0,116816.6683,-180210.8348,237.095,0.333333,791.485,0.049762,2446,0.123344,0.71226,1280,18.1399,0
47,0,122317.2786,-180612.5647,36.2538,-0.444444,30.902,0.016139,1889,0.282378,0.648966,1248,20.6167,5.39058
48,0,107638.6835,-180859.7832,90,-0.555556,207.299,0.003896,2362,0.092814,0.773517,1301,2.77896,7.7135
49,0,96482.95128,-180983.3924,278.973,-0.222222,7949.16,0.010913,2237,0.210191,0.816704,1203,4.44906,7.40992
50,1,254857.2666,-181879.5592,336.801,0.111111,3794.45,0.07925,1303,0.368792,0.40282,1045,1.76449,0
51,0,106340.7867,-181972.2662,54.1623,0.333333,900.949,0.013184,2609,0.244202,0.669549,1298,10.1833,0
52,1,193207.1673,-182683.0192,30.2564,-0.111111,747.427,0.021829,1565,0.278383,0.683482,1029,6.41256,4.47938
53,1,254455.5366,-182868.433,243.435,-0.333333,4484.56,0.070743,1304,0.221239,0.616819,1041,4.13867,4.91729
54,0,84214.73602,-184228.1345,174.806,0.111111,3281.03,0.025168,1603,0.384615,0.50904,1026,2.55819,0
55,0,164313.5117,-184475.3529,309.806,0.333333,1327,0.032504,2032,0.324009,0.253425,1146,3.61543,0
56,0,163386.4425,-184506.2552,336.318,-0.111111,1216.23,0.037403,1807,0.203302,0.747223,1152,14.1315,0
57,0,127879.6936,-185031.5944,262.569,0,1918.18,0.026736,1677,0.082372,0.705119,1214,15.7203,5.52839
58,0,162675.6895,-185186.1059,253.61,0.444444,848.548,0.038357,1965,0.390868,0.574935,1155,4.09982,0
59,0,109678.2357,-185247.9105,66.8014,0.555556,241.355,0.047029,2645,0.050388,0.460362,1329,7.02477,0
60,0,188942.6491,-185495.129,32.0926,0.555556,1081.58,0.008693,1911,0.43727,0.426635,1071,15.7326,3.58169
61,1,108720.2642,-186298.5889,91.0609,0.111111,1372.63,0.053889,2684,-0.023423,0.535294,1315,23.6022,3.17576
62,0,176798.0431,-186885.7327,68.8387,0,1161.2,0.018646,1935,0.299793,0.678993,1115,15.0521,4.31908
63,0,147811.6806,-187194.7558,236.889,0.111111,2552.76,0.038974,1709,0.071614,0.704008,1153,12.5245,3.80983
64,0,92620.1631,-188183.6296,168.69,-0.111111,61.805,0.00088,1845,0.18799,0.651171,1152,7.05468,4.38394
65,0,128219.619,-188492.6526,290.283,-0.777778,2658.68,0.035093,1693,0.117579,0.780351,1207,21.6402,6.15302
66,0,90735.12247,-188863.4803,318.366,0,349.62,0.003896,1772,0.070632,0.782228,1137,5.56401,8.68178
67,0,156557.033,-189357.9172,113.199,0.222222,249.142,0.018817,1794,0.247734,0.495195,1165,1.76449,0
68,0,156526.1307,-189419.7218,161.03,0.111111,293.165,0.019427,1785,0.20264,0.682111,1165,15.3096,4.30211
69,0,137613.9198,-190408.5955,115.974,-0.222222,1107.75,0.075238,1862,0.213058,0.671658,1194,9.95296,7.25859
70,1,190549.569,-190903.0324,334.502,-0.888889,609.489,0.017333,1602,0.287717,0.706513,1038,16.2407,5.15933
71,0,157020.5676,-191675.5901,68.7495,-1.11111,567.291,0.026785,1785,0.20649,0.821811,1157,8.88033,9.23517
72,0,162799.2987,-194055.0676,122.661,0.777778,1023.98,0.00486,2097,0.380796,0.547362,1150,29.3427,4.05636
73,1,180320.9059,-194580.4068,277.431,0.111111,92.707,0.00432,1466,0.286975,0.596674,1052,10.6278,5.76586
74,1,182514.9696,-195352.9644,203.523,-0.333333,1267.37,0.022615,1763,0.248227,0.651093,1043,36.869,0
75,1,192280.0981,-195785.5967,354.289,0,1987.86,0.036622,1818,0.258225,0.609391,1005,4.64813,0
76,1,192774.535,-196898.0797,223.55,0.222222,834.934,0.037209,1725,0.325362,0.624309,1004,24.326,4.24413
77,0,89560.83486,-197021.6889,312.455,-0.111111,1690.61,0.002865,1920,0.008043,0.674948,1155,27.2645,3.03133
78,1,178404.963,-197330.712,37.4054,-0.333333,111.42,0.011988,1473,0.327193,0.6438,1062,4.94758,7.73449
79,0,186037.8324,-199184.8503,156.801,-0.222222,30.902,0.003542,1451,0.301769,0.667383,1027,1.76449,15.7573
80,1,177168.8708,-199833.7987,254.962,-0.333333,678.445,0.007641,1497,0.231788,0.706498,1066,29.3034,4.75085
81,0,149140.4797,-202491.397,261.87,0.666667,684.052,0.134671,1899,0.32667,0.488829,1080,9.73796,4.06156
82,0,184430.9125,-202924.0292,5.5993,-0.444444,339.925,0.020533,1467,0.313653,0.569441,1023,11.7107,6.82148
83,0,188386.4076,-204716.363,194.036,0,1749.46,0.018119,1769,0.385231,0.537105,1010,9.46863,6.03552
84,1,161161.4765,-204747.2653,220.272,-0.666667,2022.15,0.075079,1753,0.070122,0.71659,1053,37.359,4.7951
85,1,187582.9477,-204747.2653,98.9726,-0.222222,1092.56,0.022946,1628,0.366681,0.4547,1011,28.5749,2.9843
86,0,87799.40345,-204932.6791,354.094,-0.111111,154.512,0.051562,1465,-0.528875,0.259179,1148,6.72589,5.81797
87,1,190333.2529,-205488.9206,79.1597,-0.333333,3128.62,0.017201,1527,0.320734,0.663654,1001,10.9552,0
88,1,158349.3667,-205643.4321,347.471,0.111111,1038.8,0.098513,1486,0.219906,0.587313,1038,8.48439,4.89253
89,0,198213.3408,-205921.5529,23.1986,0.222222,3936.62,0.025579,1722,0.366737,0.521655,984,7.02477,0
90,1,183318.4295,-206230.5759,242.56,-0.444444,2300.09,0.009526,1611,0.22021,0.732289,1024,25.3613,4.71323
91,0,124449.5377,-206354.1851,237.095,-0.222222,87.405,0.010017,1656,0.076551,0.634199,1181,13.805,4.81107
92,0,137181.2875,-207003.1336,145.491,-0.222222,794.496,0.080798,1739,0.176778,0.686706,1168,8.92705,9.50981
93,1,160976.0627,-208239.2258,241.44,-0.222222,967.395,0.079795,1436,0.239001,0.650926,1042,19.9927,5.53913
94,1,157453.1999,-208949.9788,119.055,-0.111111,1761.7,0.091634,1512,0.397912,0.460255,1042,26.5536,3.05779
95,0,197317.1739,-209166.2949,240.945,0.111111,6710.57,0.0495,1468,0.369607,0.40581,986,4.76128,7.66752
96,0,164931.5578,-209197.1972,75.0686,0.222222,596.823,0.054637,1790,0.346862,0.61004,1052,14.0999,0
97,1,157236.8838,-210155.1687,15.2551,-0.111111,2585.84,0.081526,1629,0.303195,0.479159,1041,20.2521,0
98,1,152354.3195,-210804.1171,97.6961,0.111111,528.059,0.094985,1692,0.313636,0.548817,1050,8.58823,5.28583
99,0,213788.1027,-210989.531,105.255,0,763.231,0.007791,1507,0.401488,0.304416,951,2.64062,0
100,0,112583.0524,-212132.9163,339.905,0.888889,1750.28,0.097194,2373,0.27414,0.563332,1261,10.0149,0
101,0,95679.49134,-212287.4278,95.856,0,154.512,0.003563,1649,0.217531,0.66943,1188,17.5972,4.85592
102,0,166538.4777,-212689.1578,231.116,0.222222,1208.75,0.030576,1686,0.222857,0.665672,1040,25.7932,5.97725
103,1,171575.5535,-213090.8877,-1,-0.222222,0,0.010852,1373,0.239841,0.60251,1045,0,0
104,0,196451.9093,-213245.3993,53.7462,0.333333,3006.59,0.021148,1468,0.363333,0.578105,986,8.55782,5.28938
105,0,172162.6973,-214357.8823,358.025,-0.111111,216.316,0.007346,1396,0.343506,0.280899,1035,6.69445,0
106,0,91013.24322,-214759.6122,145.62,-0.111111,4122.88,0.03944,1466,0.144393,0.809472,1148,5.32021,6.27558
107,1,146359.2722,-215161.3422,3.3665,0.666667,291.532,0.085467,1603,0.214868,0.635538,1070,3.94054,0
108,1,150376.5719,-217077.2851,146.889,0.333333,1922.16,0.056077,1667,0.274374,0.581167,1050,6.33798,0
109,0,166692.9892,-217169.992,264.644,0,92.707,0.007968,1370,0.335349,0.334958,1024,14.575,5.7376
110,1,149171.382,-217479.0151,315,0,1057.02,0.057365,1568,0.294118,0.615478,1052,0.327757,12.5408
111,0,175222.0255,-217479.0151,49.9697,0.222222,284.905,0.005287,1401,0.273614,0.469578,1000,7.5234,5.7059
112,0,179733.7621,-217849.8428,212.471,0,2565.08,0.006454,1471,0.257988,0.501003,986,3.01901,0
113,1,149573.112,-219024.1304,-1,-0.111111,0,0.04299,1541,0.242667,0.74817,1050,0,0
114,0,150438.3766,-219178.6419,286.699,-0.111111,197.871,0.040425,1582,0.3125,0.562044,1045,22.8949,4.59252
115,1,146019.3469,-219240.4465,22.7965,0,655.537,0.052946,1614,0.282714,0.601309,1065,16.8439,4.89969
116,0,170741.1912,-220383.8318,28.1786,0.111111,1371.59,0.038369,1599,0.35012,0.45116,1024,14.4119,3.66942
117,1,177910.5261,-221372.7056,45.8551,-0.222222,1563.55,0.008711,1504,0.344142,0.394743,1006,20.9726,0
118,1,158163.9529,-221589.0217,312.207,0.222222,131.107,0.014472,1586,0.343498,0.550847,1002,13.2147,4.85478
119,1,174264.054,-222021.654,123.69,-0.888889,2084.25,0.02346,1606,0.441997,0.434578,1013,19.2914,5.68022
120,0,108071.3158,-223257.7462,265.101,0.222222,1573.9,0.045092,2318,0.12029,0.574049,1212,15.8645,4.26648
121,1,144536.0362,-224555.643,314.265,-0.888889,2094.53,0.022153,1776,0.294678,0.694423,1061,24.0481,4.54332
122,1,142650.9956,-225575.4191,331.504,0.111111,1814.84,0.019843,1788,0.208875,0.74492,1067,9.1512,5.22233
123,0,166569.38,-225915.3445,323.427,-0.333333,957.971,0.074792,1433,0.408621,0.468288,994,8.87447,0
124,0,160697.942,-226317.0745,225,0,1697.1,0.061722,1497,0.363636,0.576783,985,10.056,4.72256
125,0,93269.11151,-229592.7188,228.366,-0.222222,2583.44,0.001968,1494,0.064619,0.615026,1119,5.56401,8.57258
126,0,106680.7121,-230272.5695,251.565,-0.777778,854.716,0.006345,2050,-0.013286,0.609381,1198,29.3718,4.56619
127,1,150376.5719,-230303.4719,24.8637,0.111111,815.844,0.040469,1669,0.313739,0.610959,1018,10.3586,3.99976
128,0,137212.1898,-230396.1788,118.301,0.333333,1528.96,0.00473,1900,0.36636,0.368643,1092,3.41786,0
129,0,129455.7112,-231045.1272,152.928,-0.222222,1993.14,0.006222,1684,0.211454,0.754467,1114,11.5534,0
130,1,227941.3586,-231230.541,270,-0.555556,1721.68,0.001181,1560,0.292557,0.794606,1010,12.3216,6.65939
131,1,229795.4969,-231724.9779,304.875,0,138.199,0.017863,1485,0.361791,0.601108,1008,18.0257,4.54416
132,1,144443.3293,-233671.8231,168.69,0.111111,1298.26,0.044665,1764,0.379621,0.57609,1050,9.36964,5.89188
133,0,192311.0004,-233857.237,225,-0.111111,2083.33,0.128051,1475,0.297694,0.53076,913,6.2031,9.29172
134,0,119875.9965,-234104.4554,100.008,-0.222222,420.317,0.04133,1731,0.385475,0.455432,1171,11.8314,0
135,1,150314.7673,-234969.72,6.009,-0.333333,1637.82,0.079244,1575,0.398622,0.408158,1013,8.78608,6.24388
136,1,218485.2531,-236978.3698,88.1524,-0.222222,2564.89,0.017568,1405,0.399914,0.540024,1009,7.15099,0
137,1,143794.3809,-237812.7321,204.775,-0.333333,154.512,0.048241,1646,0.341263,0.639939,1044,6.6072,7.62753
138,1,143392.6509,-237843.6344,39.6442,0.111111,43.703,0.045316,1670,0.361745,0.611212,1045,10.418,0
139,0,173553.301,-238152.6574,160.017,-0.111111,6445.78,0.016756,1365,0.299248,0.617284,971,5.40927,0
140,0,114035.4608,-238276.2667,43.8309,0.333333,464.564,0.00525,1701,0.174066,0.746393,1211,15.6615,3.58622
141,0,168578.0298,-238430.7782,-1,-0.222222,2534.74,0.054104,1346,0.17991,0.744642,990,0,0
142,0,89035.49567,-238770.7035,45.7848,-0.111111,61.805,0.009199,1664,0.176755,0.770833,1277,22.6672,4.82567
143,0,96266.63514,-241335.5949,116.996,0.444444,494.437,0.010534,2283,0.347978,0.594626,1300,13.5283,3.73271
144,0,87243.16195,-241582.8133,261.431,0.222222,883.828,0.006007,1765,0.165098,0.770138,1293,16.6266,4.21954
145,0,87490.3804,-241582.8133,129.806,0.444444,686.143,0.008189,1791,0.278439,0.351601,1293,3.61543,0
146,0,118979.8296,-241613.7156,266.785,-0.666667,390.887,0.018666,1636,0.126083,0.707947,1157,19.8279,0
147,1,142620.0933,-241953.641,343.61,-0.444444,2503.28,0.017708,1646,0.372447,0.643657,1038,4.09982,10.3948
148,1,145772.1284,-242200.8594,26.5651,0,97.722,0.040699,1540,0.373709,0.667531,1021,7.21688,9.39816
149,1,94783.32448,-242602.5894,284.744,0.666667,1218.98,0.002958,2209,0.095036,0.557085,1311,4.54385,0
150,0,88386.54726,-243560.5609,197.354,0,801.675,0.017466,1752,0.162207,0.787197,1302,28.4778,6.91954
151,0,85728.94899,-244580.337,32.7749,0.777778,499.242,0.016132,1649,0.188699,0.538508,1300,19.351,3.37455
152,0,254733.6574,-244858.4577,0,0,2406.81,0.003487,1649,0.37462,0.418647,922,0.926966,6.41352
153,1,226797.9733,-245229.2854,346.43,0.111111,1161.2,0.002865,1601,0.38723,0.611761,1033,6.88085,6.60612
154,0,150067.5489,-246001.843,270,0.222222,2232.68,0.070122,1588,0.376096,0.50406,999,1.85345,5.72064
155,0,186686.7808,-246063.6476,135,0.222222,10019.6,0.006844,1451,0.306561,0.416238,854,0.327757,0
156,1,89591.73717,-247021.6191,173.66,0.555556,697.188,0.02306,1901,0.245431,0.712173,1349,18.2454,0
157,0,86007.06974,-247361.5444,0,0,276.399,0.040286,1742,0.18507,0.74212,1337,21.2222,3.28217
158,1,96853.77894,-247886.8836,164.982,0.222222,1222.5,0.03471,2207,0.31773,0.491324,1358,18.9535,4.08847
159,1,81309.91931,-248535.8321,85.2364,0.888889,185.414,0.011473,1880,0.285448,0.604991,1327,16.291,4.23994
160,1,98800.62419,-249493.8035,305.811,-0.555556,30.902,0.050365,1980,0.156682,0.778642,1375,21.507,3.96197
161,1,233441.9689,-249802.8266,33.6901,0,1431.55,0.012351,1540,0.402474,0.576236,1008,3.33873,0
162,1,96575.65819,-249988.2404,76.7014,0,625.724,0.030655,2116,0.314162,0.604191,1379,24.5704,6.82439
163,0,79517.5856,-250173.6542,304.38,-0.444444,607.134,0.005975,1631,0.10424,0.757358,1336,20.43,4.70654
164,1,209987.1191,-250729.8957,344.745,-0.222222,5166.7,0.05979,1423,0.400803,0.453352,1012,2.64062,10.7738
165,1,218299.8393,-251008.0165,278.13,-0.222222,3372.18,0.012827,1507,0.414471,0.496976,1019,8.13883,0
166,1,77138.10808,-251100.7234,59.0362,0.555556,718.769,0.005523,1537,-0.011583,0.307146,1343,1.35114,0
167,1,231711.4398,-251131.6257,57.5288,0.222222,1440.52,0.00486,1491,0.410431,0.529558,1012,11.9125,4.55309
168,1,73584.34295,-251409.7465,255.114,0.555556,2296.98,0.016926,1550,0.093779,0.737872,1341,18.2966,4.12377
169,1,138726.4028,-251502.4534,123.024,0.444444,1216.23,0.019111,1707,0.328288,0.551475,1066,10.9225,4.63988
170,1,142496.4841,-251718.7695,150.945,-0.111111,1100.4,0.006345,1730,0.352055,0.605907,1035,2.38476,0
171,0,113293.8054,-253511.1032,69.1455,1,154.512,0.097073,1750,0.171053,0.668442,1247,10.3039,0
172,1,227385.1171,-253572.9078,59.0362,0,677.74,0.042435,1355,0.458112,0.395909,1015,6.72589,6.51112
173,1,92620.1631,-255550.6554,226.909,-0.555556,1214.27,0.036694,2407,-0.00976,0.672753,1486,9.74326,5.67045
174,1,107947.7066,-255890.5807,132.917,0.555556,309.023,0.141199,1754,0.317671,0.458895,1321,17.4759,0
175,1,233194.7505,-255952.3854,136.219,0.555556,1311.44,0.042227,1478,0.486674,0.364387,1003,15.0521,5.23537
176,1,142743.7025,-255983.2877,56.7683,-0.111111,705.358,0.018376,1702,0.306422,0.716174,1058,7.98309,0
177,0,126581.7968,-256199.6038,292.81,-0.333333,765.105,0.026991,1571,0.215721,0.761502,1157,25.1517,6.3702
178,1,104950.183,-256230.5061,120.7,-0.222222,2240.36,0.1217,1882,0.262411,0.647802,1361,16.7557,4.90495
179,1,167929.0814,-256508.6269,91.9749,-0.222222,5407.9,0.025468,1394,0.422205,0.343883,1026,6.69445,5.12951
180,1,110605.3049,-256972.1614,32.4712,-0.111111,0,0.136001,1756,0.236908,0.703636,1313,11.9125,13.1641
181,1,96143.02592,-257621.1099,45,-0.555556,729.321,0.068838,2518,0.17357,0.845307,1458,11.9508,3.85674
182,1,170308.559,-257713.8168,189.246,0.111111,7846.08,0.022458,1491,0.419355,0.430239,1017,9.99433,4.72871
183,1,66075.08273,-258270.0583,-1,0,2259.25,0.012294,1461,-0.750446,-0.076682,1347,0,0
184,1,206062.5263,-258362.7652,329.036,0,30.902,0.071229,1326,-0.044809,0.323815,1024,1.35114,0
185,1,90147.97866,-258455.4721,6.1466,0.333333,634.062,0.056253,2378,-0.272727,0.727772,1483,14.8125,6.63772
186,1,63602.8983,-258548.179,-1,0,4351.08,0.01174,1461,-0.778182,-0.122977,1340,0,0
187,1,59369.28246,-258579.0813,119.578,-0.222222,2490.85,0.043413,1556,0.198352,0.534822,1322,9.76445,0
188,1,57855.06949,-258733.5928,40.8404,0.444444,3043.68,0.056016,1558,0.183742,0.482439,1316,17.5083,3.47469
189,1,112274.0294,-259320.7367,139.6,0.111111,1793.93,0.126894,2047,0.212935,0.414602,1313,26.5326,3.05858
190,0,152138.0034,-259784.2712,62.9279,-0.555556,1752.74,0.01694,1535,0.419124,0.415792,1078,11.5534,6.52963
191,1,55104.76431,-259907.8805,-1,0,3627.3,0.079097,1461,-0.79206,-0.133094,1318,0,0
192,1,110419.891,-260031.4897,30.4258,-0.555556,1052.49,0.138747,2211,0.210356,0.766841,1358,30.586,5.62422
193,0,104579.3553,-260155.0989,92.7263,0.888889,1274.13,0.139863,2094,0.363903,0.448224,1396,9.65265,4.07036
194,0,104393.9415,-260989.4611,215.166,0.222222,927.069,0.143664,2073,0.260948,0.595005,1401,23.53,3.17883
195,1,87459.47809,-261113.0704,307.504,0.444444,207.299,0.076164,2353,0.137566,0.766506,1488,12.3666,0
196,1,98584.30805,-261422.0934,34.2157,0.777778,765.105,0.10958,2381,0.004673,0.846504,1463,13.7436,0
197,1,45432.34271,-263554.3525,158.749,-0.555556,5905.25,0.106716,1480,0.081645,0.305282,1411,8.88033,0
198,1,83040.44842,-263647.0594,315,-0.444444,1218.98,0.093725,2229,0.228498,0.628933,1500,33.3392,2.82979
199,1,101458.2225,-264790.4447,28.7151,-0.111111,996.569,0.125323,2201,0.255319,0.651822,1452,27.9417,0
200,1,232669.4113,-265037.6632,108.435,-0.111111,834.362,0.124195,1321,0.28533,0.654077,1002,0.732855,11.3847
201,1,58133.19024,-265130.3701,240.124,-0.555556,61.805,0.043878,1586,0.194495,0.525853,1398,12.3666,5.90197
202,1,225963.611,-265655.7093,135,0.111111,470.69,0.128644,1385,0.424442,0.365841,1016,18.9438,5.69842
203,1,69968.77322,-266675.4853,320.782,-0.333333,1401.21,0.061354,1996,0.285352,0.638321,1519,24.429,3.14129
204,0,103961.3092,-267633.4568,146.889,0.222222,957.971,0.094486,2115,0.38221,0.388205,1434,12.5245,0
205,1,54764.83895,-271032.7104,146.976,-0.333333,1895.15,0.006103,1742,0.212383,0.667482,1448,10.9225,5.7385
206,0,59709.20782,-271187.2219,205.346,0.222222,439.204,0.000557,1600,0.285553,0.303555,1486,4.86082,0
207,1,63695.60522,-271403.5381,254.002,-0.555556,3301.2,0.027231,1803,-0.005359,0.810187,1523,31.0371,0
208,0,104702.9645,-273813.9179,119.055,0.111111,1552.82,0.039244,2249,0.362154,0.513434,1489,18.4264,4.1167
209,0,45803.17037,-274339.2571,270,-0.222222,621.129,0.010296,1695,0.318431,0.227417,1460,0.926966,0
210,1,52261.75221,-275359.0332,-1,-0.555556,1648.28,0.012583,1892,0.187209,0.787072,1473,0,0
211,1,47688.211,-275760.7631,306.027,0.222222,1184.41,0.001003,1772,0.180228,0.626149,1471,6.27934,0
212,1,116600.3521,-276780.5392,177.138,0.333333,187.971,0.013266,1935,0.387361,0.30577,1347,9.2021,0
213,1,114437.1907,-279870.7698,89.5185,-0.777778,61.805,0.039611,1808,0.353736,0.495277,1377,25.7049,5.03623
214,0,75654.79742,-280303.402,24.0071,-0.444444,1590.79,0.038906,2201,0.223022,0.809839,1614,27.7865,0
215,1,56402.66114,-282250.2473,215.074,0.333333,1260.57,0.085006,1656,0.266197,0.635344,1448,24.9193,3.12139
216,0,64808.08821,-282682.8796,100.823,0.222222,495.402,0.060485,1588,0.175758,0.713841,1455,29.2525,0
217,0,121977.3533,-282744.6842,314.029,0.111111,763.231,0.04202,2126,0.272849,0.522804,1317,18.6525,4.10449
218,1,51612.80379,-282961.0003,285.524,0.444444,1881.24,0.054741,2027,0.319958,0.351991,1445,8.59429,4.87966
219,0,59276.57554,-283115.5118,242.475,0,401.73,0.083001,1348,0.206023,0.615702,1419,17.9447,0
220,1,63850.11674,-284413.4087,59.0362,0.444444,373.394,0.077419,1675,0.401619,0.491067,1445,25.2544,4.20663
221,1,109307.408,-285000.5525,88.3153,-0.111111,509.654,0.007761,2031,0.381573,0.509938,1485,15.3858,4.70261
222,1,116260.4268,-285124.1617,327.7,-0.333333,557.099,0.05398,1886,0.281459,0.595773,1384,22.604,0
223,0,147997.0944,-286174.8401,350.096,-0.111111,437.025,0.082221,1601,0.378246,0.438489,1148,14.5039,4.35619
224,1,54332.20667,-286947.3977,243.199,0.111111,1008.95,0.070409,1581,0.221981,0.611111,1385,23.7296,4.77981
225,1,116631.2544,-287132.8115,205.017,0,525.339,0.050153,1883,0.343193,0.498276,1340,18.5097,3.41903
226,1,75067.65361,-288708.8291,121.551,0.222222,442.454,0.013223,1687,0.393734,0.596753,1530,28.4189,0
227,1,75407.57897,-289079.6568,26.1616,-0.555556,154.512,0.011327,1464,0.411382,0.595729,1530,27.1924,4.13259
228,0,56711.68419,-289419.5821,88.1524,-0.222222,1321.23,0.067839,1135,0.345539,0.291886,1346,7.15099,7.2036
229,0,106989.7351,-289697.7029,162.759,0.888889,1797.92,0.034783,2210,0.429083,0.302083,1492,20.2275,3.33022
230,1,54548.52281,-291490.0366,38.5892,-0.444444,278.121,0.040938,1309,0.389758,0.376593,1330,27.1273,3.03638
231,1,114529.8976,-291520.9389,11.3099,0.111111,1202.02,0.011036,1937,0.381112,0.305468,1338,4.71635,0
232,0,106742.5167,-294889.2902,164.521,-0.333333,744.226,0.059712,2020,0.415825,0.428394,1496,28.6187,0
233,1,45834.07268,-296248.9916,218.904,0.444444,370.828,0.019694,1504,0.241718,0.413312,1334,30.6494,2.91409
234,0,117898.2489,-297330.5723,309.289,-0.111111,1066.91,0.0064,1915,0.29092,0.532122,1316,16.0374,0
235,0,104363.0392,-297701.4,55.4077,0.333333,767.597,0.092676,2117,0.416599,0.472102,1559,15.9072,3.57065
236,1,117280.2028,-299122.906,201.371,0,0,0.004722,1781,0.256428,0.67211,1343,5.70516,0
237,0,99758.59565,-299957.2683,353.1,-0.444444,1744.82,0.13702,2426,0.262372,0.834725,1621,32.607,2.85205
238,0,114684.4092,-300575.3144,206.966,-0.555556,1545.42,0.030034,1994,0.328302,0.369074,1362,14.5039,0
239,0,150963.7158,-302522.1596,206.811,-0.111111,1193.65,0.120177,1647,0.340416,0.444513,1182,22.8553,5.51055
240,1,113046.587,-302553.0619,224.246,-0.222222,87.405,0.052973,1794,0.201413,0.56685,1437,23.4992,4.27876
241,0,122873.5201,-303480.1311,74.7449,0.222222,704.681,0.000622,1867,0.42059,0.395448,1309,2.64062,0
242,1,117032.9844,-303541.9357,128.367,0.777778,586.33,0.023641,1885,0.403764,0.339672,1387,26.3482,3.06556
243,1,59431.08707,-303881.8611,0,-0.222222,0,0.005955,0,0.322212,0.455348,1045,0,0
244,0,109523.7242,-304654.4187,5.5275,0.444444,665.656,0.088874,2127,0.402652,0.376422,1534,14.142,4.38148
245,1,117836.4443,-306137.7294,306.104,0.222222,293.165,0.040515,1789,0.303791,0.510403,1402,33.6584,2.82024
246,1,114715.3115,-307312.017,36.0983,-0.333333,686.143,0.062892,1894,0.294713,0.537701,1461,25.6685,4.70117
247,1,181646.1036,-229746.5903,12.9946,-0.222222,2590.09,0.0438223,1408,0.318932,0.457653,965,3.08909,5.2098
248,1,201335.906,-245547.1838,-1,0,1313.98,0.100404,1325,0.148089,0.71831,939,0,0
249,1,182962.5894,-221572.9991,147.804,-0.111111,3282.78,0.0304844,1441,0.317098,0.558897,996,7.35397,5.03554
250,1,187565.9081,-239150.4301,239.036,0.222222,7688.96,0.0674889,1441,0.339138,0.5,846,1.35114,6.72988
251,1,183861.6708,-213120.6815,115.346,0,2238.87,0.0315221,1597,0.347826,0.494198,989,4.86082,7.8475
252,1,181118.1533,-221667.9493,18.4349,-0.222222,4018.84,0.0338804,1348,0.31934,0.579934,1000,2.19761,0
253,1,186847.7877,-232631.4749,212.471,0.222222,3561.82,0.0969984,1472,0.380813,0.375268,896,6.02134,7.97633
254,1,191970.8087,-227056.1078,282.804,0.333333,509.654,0.073322,1365,0.336305,0.578796,972,10.3437,5.09981
255,1,183740.6342,-232166.4838,270,-0.222222,5703.21,0.0701503,1422,0.292768,0.518454,933,2.77896,0
256,1,185664.2022,-244807.8935,30.9638,0,10457.8,0.0136433,1394,0.415564,0.334602,859,2.70078,6.95358
257,1,97187.98179,-193410.1921,193.671,-0.111111,1019.31,0.0162085,2320,-0.18932,0.592677,1208,24.8011,0
258,1,120331.6621,-174288.4791,25.71,0,4370.79,0.0414608,1913,0.129845,0.753141,1296,25.8669,8.23731
259,1,103444.1869,-181350.6067,264.472,0.555556,1371.59,0.0195378,2622,0.172908,0.77688,1278,32.207,3.55757
260,1,115933.6996,-179512.1824,223.025,-0.222222,1860.57,0.0396343,2366,0.14992,0.69328,1286,9.42477,8.10159
261,1,96831.49644,-193255.8951,315,-0.888889,655.537,0.0166026,2122,-0.384615,0.631505,1207,25.1304,5.88554
262,1,114330.8505,-183605.5095,70.821,-0.333333,2348.78,0.0535483,2391,0.180354,0.662568,1290,11.1448,7.73324
263,1,122789.8688,-168106.1045,135,-0.111111,4532.96,0.0100328,1831,0.284177,0.575144,1266,0.655493,0
264,1,108640.8799,-200045.6342,5.8696,-0.333333,1576.02,0.0244869,2449,-0.0306016,0.195147,1281,23.5137,3.87267
265,1,95888.54874,-189468.0196,15.8025,-0.222222,957.971,0.0114222,2012,0.147606,0.680517,1195,24.0183,6.624
266,1,124493.9119,-187061.8854,211.399,0.222222,1057.02,0,1570,0.113573,0.801001,1225,20.0472,4.72547
267,1,103473.6883,-297815.0533,192.265,-0.222222,1140.04,0.0993199,2160,0.354592,0.422956,1565,5.43863,0
268,1,101018.7713,-300376.9925,91.5766,0.111111,1176.72,0.131127,2403,0.349466,0.679696,1603,23.801,3.86052
269,1,102534.0926,-291073.5836,63.4349,0.888889,1404.61,0.0593817,2352,0.369598,0.67762,1563,26.032,5.96802
270,1,96548.28482,-294603.7167,355.855,0.111111,459.396,0.118843,2481,0.220302,0.822473,1615,15.6336,5.19745
271,1,85052.24791,-281926.2494,137.01,0.444444,1063.33,0.0350608,2482,0.232558,0.863385,1619,18.0699,0
272,1,110036.1186,-284035.0728,260.538,0.555556,218.512,0.0184178,2059,0.319123,0.61025,1490,19.0072,3.39249
273,1,112760.8936,-295339.4391,101.976,0,526.247,0.0265166,1938,0.43382,0.355757,1367,22.2625,0
274,1,93827.63327,-276212.1123,151.905,0.777778,92.7069,0.0266579,2329,0.210918,0.671608,1576,31.3767,3.58374
275,1,98533.71797,-273360.2261,28.1237,-0.888889,898.296,0.062262,2317,0.294326,0.693231,1527,28.0146,3.00414
276,1,90448.63368,-283685.1588,12.2648,-0.222222,459.396,0.0436869,2398,0.23964,0.821439,1608,10.781,0
277,1,171339.8629,-184516.8812,82.2664,0.555556,677.74,0.00299696,1823,0.322566,0.634731,1163,18.2966,0
278,1,170077.5542,-169987.9396,16.2602,0.222222,1158.32,0.0356401,2150,0.294437,0.589173,1171,11.4339,0
279,1,171772.3398,-183135.5495,193.134,0.333333,224.972,0.00649009,1768,0.329371,0.45766,1163,13.9942,3.69884
280,1,178017.9768,-175843.0719,299.745,0.444444,332.828,0.0198113,1893,0.295676,0.697616,1149,14.6222,0
281,1,172650.9109,-183465.3692,194.808,0.222222,899.889,0.0115972,1943,0.245763,0.58886,1157,20.0018,4.44006
282,1,159084.7645,-174506.867,253.811,-0.666667,2059.36,0.0209159,2125,0.216,0.796123,1175,21.3912,7.65626
283,1,161398.2703,-181495.7326,102.894,-0.555556,1381.99,0.0273829,2012,0.366102,0.580135,1163,34.5606,4.73964
284,1,169972.7826,-182642.1104,59.7827,-0.111111,1280.49,0.00295795,2134,0.330184,0.657517,1166,23.0728,3.19848
285,1,159573.5205,-188120.9478,244.179,0.333333,773.175,0.00846296,2094,0.262619,0.607644,1169,15.5682,0
286,1,160887.2958,-187689.3176,243.435,0.444444,241.355,0.0180698,1900,0.167785,0.809978,1164,23.4683,3.18146
287,1,215346.9451,-195878.7894,51.8428,0.111111,995.131,0.00413664,1518,0.422441,0.453887,884,8.19643,0
288,1,200647.2422,-191683.5081,37.0928,-0.222222,1425.87,0.0467908,1711,0.379346,0.587262,960,11.7453,7.24138
289,1,215870.0298,-186391.2685,274.086,-0.222222,8367.28,0.0451091,1397,0.350443,0.568474,892,6.47812,0
290,1,219837.9214,-195110.0533,259.992,0.111111,2503.09,0.00773644,1647,0.357319,0.593797,894,7.95024,6.34386
291,1,199704.4219,-180941.2025,45,0,30.9023,0.0642179,1435,0.271343,0.716934,977,0.327757,8.55178
292,1,205229.4975,-174332.6962,251.565,0.111111,5324.71,0.0312099,1414,0.409455,0.503488,894,0.732855,0
293,1,219371.55,-190772.602,0,-0.111111,4397.37,0.0333506,1448,0.39245,0.431242,897,6.91902,4.40336
294,1,212462.2718,-179545.4202,233.653,-0.222222,11443.9,0.0412023,1624,0.35336,0.414512,894,28.0284,4.10226
295,1,217747.6337,-182714.577,176.82,-0.222222,11938.5,0.0743867,1374,0.390476,0.548449,891,8.29779,4.91477
296,1,207388.7524,-180282.051,315,-0.111111,6555.73,0.00431976,1417,0.367232,0.59081,913,6.52683,5.15487
297,1,220009.9566,-220870.0266,228.814,0.222222,858.617,0.0189156,1487,0.29755,0.660747,975,4.91523,5.43847
298,1,215096.6335,-219370.1043,356.186,0.222222,432.632,0.0165302,1433,0.442663,0.480076,961,10.3387,0
299,1,215023.7302,-216720.5303,170.538,0.444444,1598.88,0,1541,0.41885,0.482859,960,5.6209,5.30431
300,1,216008.4662,-206098.6623,315,0.222222,1730.53,0.028302,1517,0.326932,0.568362,928,2.62026,0
301,1,218471.7163,-212555.0034,248.749,0,387.205,0.0130782,1431,0.393158,0.550277,953,8.88033,6.23321
302,1,218854.5727,-213457.7263,235.784,0.111111,390.887,0.0102956,1457,0.326024,0.675726,955,6.9721,6.79361
303,1,222534.6438,-217600.962,263.928,0.444444,546.718,0.00211917,1567,0.357071,0.598033,965,10.8237,3.95583
304,1,210407.6508,-214401.6374,139.399,-0.111111,131.107,0.0118971,1501,0.366299,0.533088,961,8.48439,5.298
305,1,217444.9618,-206441.0102,96.953,1.11111,315.143,0.0233772,1492,0.404887,0.504632,928,9.48502,6.03379
306,1,214805.7209,-219866.9737,59.0362,0,710.753,0.0215988,1465,0.386353,0.502359,961,2.70078,0
307,1,233730.8168,-238393.2661,18.4349,0,3790.92,0.0075695,1584,0.373626,0.651701,1007,3.65949,0
308,1,232923.7528,-213971.8303,104.036,0,624.96,0.0404398,1363,0.394799,0.537453,923,3.81666,7.39619
309,1,234914.2297,-174362.2758,195.832,-0.111111,14447.5,0.0682646,1520,0.317284,0.491539,972,29.3971,6.66946
310,1,223089.4716,-181483.9492,247.62,-0.111111,14401.8,0.12234,1337,0.385401,0.579561,897,4.25306,7.98107
311,1,238574.3734,-220605.9165,138.366,0,218.512,0.0304578,1435,0.427426,0.462777,927,5.56401,7.18629
312,1,239516.4536,-187984.1332,214.114,0.444444,17521.4,0.0235142,1435,0.262121,0.685938,922,24.4359,3.14101
313,1,204665.2774,-154079.0334,71.565,0.111111,4150.24,0.0517482,1430,0.322136,0.567637,883,5.11662,0
314,1,210649.8516,-142939.6494,71.565,0,4605.69,0.00980251,1410,0.405202,0.453409,876,2.92903,10.1228
315,1,205610.7639,-154147.0287,183.814,0,3315.78,0.0464703,1448,0.362849,0.60095,881,3.47986,5.09068
316,1,238887.1181,-190623.5399,206.565,0,17794.6,0.0405172,1303,0.387097,0.488233,910,3.10636,7.76917
